"Device ID","Number of users"
"bee9ed0d-48a6-4e83-80cd-8d677099b2a0",1
"7b4fddf4-a918-41d3-98ea-efd161e37625",1
"d88d41d9-4466-4d59-b9f5-c5b9815b9340",1
"3ceab1fb-54c1-4eb9-a7ce-2d07c0491e69",1
"5f74ceb5-ce7f-4905-b61a-5147d167a508",1
"703a957c-8987-4f18-b342-719f5912b886",1
"0ae3b9b6-7938-4e24-bfe2-f5d0959c4e9e",1
"6daf52dd-e8bc-4ec3-b76b-4da9c81b86bf",1
"6781b90a-db9a-4075-9563-543d6f66ea82",1
"bdf5a463-c866-44b3-8631-a42bd01f9ad7",1
"ed82c117-631b-4aa6-b8b5-13e3e61c7f6c",1
"508a946c-bb18-4e1b-b46b-070cde2a3222",1
"a8dd1bd4-df4f-41e7-bba9-fa39d4059274",1
"15bc5890-530a-419a-bc6b-6f0a6d6b5bfe",1
"cc3a7849-3a90-4c85-87ac-8a83ded27b1b",1
"8d848457-97a9-416e-8bcc-49018d1fc829",1
"00c6ddca-0653-4df1-971a-34ad21b02466",1
"a5361410-b067-42d9-a7fe-c8a967dcb68b",1